gamble_type,gamble_id,outcome_a1,outcome_a2,prob_a1,prob_a2,outcome_b1,outcome_b2,prob_b1,prob_b2,ev_a,ev_b,ev_difference,std_a,std_b,std_difference,skew_a,skew_b,skew_difference,dominated_lottery
representative,1,88,29,0.26,0.74,99,2,0.23,0.77,44.34,24.31,-20.03,25.8794204,40.8207533,14.9413329,1.094305806,1.283170833,0.188865026,0
representative,2,31,87,0.73,0.27,93,2,0.26,0.74,46.12,25.66,-20.46,24.86172963,39.9157162,15.05398658,1.036130647,1.094305806,0.058175159,0
representative,3,54,36,0.3,0.7,72,3,0.26,0.74,41.4,20.94,-20.46,8.248636251,30.26576284,22.01712658,0.872871561,1.094305806,0.221434245,0
representative,4,84,47,0.3,0.7,5,97,0.65,0.35,58.1,37.2,-20.9,16.95553007,43.88120327,26.92567319,0.872871561,0.628970902,-0.243900659,0
representative,5,58,47,0.36,0.64,1,82,0.68,0.32,50.96,26.92,-24.04,5.28,37.78456828,32.50456828,0.583333333,0.805872657,0.222539324,0
representative,6,55,70,0.71,0.29,94,2,0.31,0.69,59.35,30.52,-28.83,6.806430783,42.54937837,35.74294759,0.92559525,0.821633625,-0.103961625,0
representative,7,58,22,0.48,0.52,63,2,0.41,0.59,39.28,27.01,-12.27,17.98559424,30.00183161,12.01623738,0.080064077,0.365977656,0.285913579,0
representative,8,71,37,0.36,0.64,14,84,0.69,0.31,49.24,35.7,-13.54,16.32,32.37452702,16.05452702,0.583333333,0.821633625,0.238300292,0
representative,9,37,32,0.28,0.72,63,1,0.26,0.74,33.4,17.12,-16.28,2.244994432,27.19532313,24.9503287,0.979957887,1.094305806,0.114347919,0
representative,10,61,48,0.3,0.7,13,81,0.69,0.31,51.9,34.08,-17.82,5.957348403,31.44954054,25.49219213,0.872871561,0.821633625,-0.051237936,0
representative,11,47,50,0.74,0.26,81,10,0.27,0.73,47.78,29.17,-18.61,1.315902732,31.52112149,30.20521876,1.094305806,1.036130647,-0.058175159,0
representative,12,76,64,0.49,0.51,95,5,0.55,0.45,69.88,54.5,-15.38,5.99879988,44.77443467,38.77563479,0.040008002,-0.223606798,-0.2636148,0
representative,13,93,28,0.41,0.59,5,97,0.57,0.43,54.65,44.56,-10.09,31.96916483,45.54696916,13.57780433,0.365977656,0.264920222,-0.101057433,0
representative,14,51,73,0.78,0.22,35,93,0.76,0.24,55.84,48.92,-6.92,9.113418678,24.77082154,15.65740287,1.408373702,1.217561555,-0.190812147,0
representative,15,86,61,0.54,0.46,94,19,0.6,0.4,74.5,64,-10.5,12.45993579,36.74234614,24.28241035,-0.160514471,-0.40824829,-0.24773382,0
representative,16,62,57,0.4,0.6,81,24,0.45,0.55,59,49.65,-9.35,2.449489743,28.35714196,25.90765221,0.40824829,0.201007563,-0.207240727,0
representative,17,59,43,0.31,0.69,94,7,0.35,0.65,47.96,37.45,-10.51,7.399891891,41.49635526,34.09646337,0.821633625,0.628970902,-0.192662723,0
representative,18,85,71,0.76,0.24,1,97,0.28,0.72,81.64,70.12,-11.52,5.979163821,43.1038931,37.12472927,-1.217561555,-0.979957887,0.237603668,0
representative,19,63,28,0.23,0.77,18,88,0.77,0.23,36.05,34.1,-1.95,14.72913779,29.45827558,14.72913779,1.283170833,1.283170833,8.66E-15,0
representative,20,77,81,0.22,0.78,89,42,0.78,0.22,80.12,78.66,-1.46,1.656985214,19.46957627,17.81259105,-1.351852739,-1.408373702,-0.056520963,0
representative,21,76,42,0.69,0.31,95,11,0.63,0.37,65.46,63.92,-1.54,15.72477027,40.55556189,24.83079162,-0.821633625,-0.538520464,0.283113161,0
representative,22,57,47,0.7,0.3,70,2,0.73,0.27,54,51.64,-2.36,4.582575695,30.18924312,25.60666742,-0.872871561,-1.036130647,-0.163259086,0
representative,23,61,31,0.39,0.61,96,2,0.38,0.62,42.7,37.72,-4.98,14.63249808,45.62632573,30.99382766,0.451050802,0.494451386,0.043400584,0
representative,24,59,50,0.42,0.58,16,99,0.58,0.42,53.78,50.86,-2.92,4.442026565,40.9653561,36.52332953,0.324176359,0.30656967,-0.01760669,0
representative,25,18,80,0.26,0.74,7,89,0.31,0.69,63.88,63.58,-0.3,27.19532313,37.92444594,10.72912281,-1.094305806,-0.821633625,0.272672181,0
representative,26,57,18,0.55,0.45,77,5,0.49,0.51,39.45,40.28,0.83,19.40225502,35.99279928,16.59054426,-0.223606798,0.040008002,0.2636148,0
representative,27,86,60,0.79,0.21,97,20,0.78,0.22,80.54,80.06,-0.48,10.59001416,31.89696537,21.30695121,-1.484306086,-1.408373702,0.075932384,0
representative,28,36,30,0.39,0.61,11,72,0.65,0.35,32.34,32.35,0.01,2.926499616,29.09514564,26.16864603,0.451050802,0.628970902,0.1779201,0
representative,29,31,39,0.49,0.51,4,74,0.55,0.45,35.08,35.5,0.42,3.99919992,34.8245603,30.82536038,-0.040008002,0.223606798,0.2636148,0
representative,30,31,43,0.66,0.34,5,94,0.67,0.33,35.08,34.37,-0.71,5.684505256,41.84893189,36.16442663,0.675520529,0.755884872,0.080364343,0
representative,31,12,19,0.54,0.46,4,32,0.5,0.5,15.22,18,2.78,3.488782022,14,10.51121798,0.160514471,0,-0.160514471,0
representative,32,34,68,0.31,0.69,85,12,0.67,0.33,57.46,60.91,3.45,15.72477027,34.3255284,18.60075813,-0.821633625,-0.755884872,0.065748753,0
representative,33,70,35,0.75,0.25,89,5,0.7,0.3,61.25,63.8,2.55,15.15544457,38.49363584,23.33819127,-1.154700538,-0.872871561,0.281828977,0
representative,34,30,45,0.55,0.45,80,11,0.4,0.6,36.75,38.6,1.85,7.462405778,33.80295845,26.34055267,0.223606798,0.40824829,0.184641493,0
representative,35,50,20,0.44,0.56,1,98,0.63,0.37,33.2,36.89,3.69,14.89160838,46.83201789,31.94040952,0.241746889,0.538520464,0.296773575,0
representative,36,37,30,0.31,0.69,90,7,0.36,0.64,32.17,36.88,4.71,3.237452702,39.84,36.6025473,0.821633625,0.583333333,-0.238300292,0
representative,37,16,76,0.38,0.62,3,94,0.32,0.68,53.2,64.88,11.68,29.12318664,42.44932979,13.32614316,-0.494451386,-0.771743633,-0.277292247,0
representative,38,22,39,0.32,0.68,6,59,0.31,0.69,33.56,42.57,9.01,7.930094577,24.51214189,16.58204731,-0.771743633,-0.821633625,-0.049889992,0
representative,39,18,48,0.64,0.36,6,86,0.63,0.37,28.8,35.6,6.8,14.4,38.62434465,24.22434465,0.583333333,0.538520464,-0.044812869,0
representative,40,34,16,0.31,0.69,4,80,0.65,0.35,21.58,30.6,9.02,8.324878377,36.24968965,27.92481128,0.821633625,0.628970902,-0.192662723,0
representative,41,23,26,0.48,0.52,68,1,0.49,0.51,24.56,33.83,9.27,1.49879952,33.49329933,31.99449981,-0.080064077,0.040008002,0.120072079,0
representative,42,42,64,0.38,0.62,3,98,0.37,0.63,55.64,62.85,7.21,10.67850177,45.86640928,35.18790751,-0.494451386,-0.538520464,-0.044069078,0
representative,43,60,10,0.66,0.34,83,1,0.68,0.32,43,56.76,13.76,23.68543856,38.25104443,14.56560587,-0.675520529,-0.805872657,-0.130352128,0
representative,44,58,13,0.64,0.36,3,86,0.38,0.62,41.8,54.46,12.66,21.6,40.28707485,18.68707485,-0.583333333,-0.494451386,0.088881947,0
representative,45,54,10,0.42,0.58,91,3,0.48,0.52,28.48,45.24,16.76,21.71657432,43.96478591,22.24821159,0.324176359,0.080064077,-0.244112282,0
representative,46,9,33,0.65,0.35,1,83,0.63,0.37,17.4,31.34,13.94,11.44727042,39.58995327,28.14268285,0.628970902,0.538520464,-0.090450438,0
representative,47,28,36,0.35,0.65,6,76,0.41,0.59,33.2,47.3,14.1,3.815756806,34.42833136,30.61257455,-0.628970902,-0.365977656,0.262993246,0
representative,48,12,25,0.7,0.3,2,95,0.65,0.35,15.9,34.55,18.65,5.957348403,44.35817287,38.40082446,0.872871561,0.628970902,-0.243900659,0
representative,49,9,68,0.33,0.67,1,95,0.28,0.72,48.53,68.68,20.15,27.74255035,42.20589532,14.46334497,-0.723076997,-0.979957887,-0.25688089,0
representative,50,62,8,0.7,0.3,1,97,0.3,0.7,45.8,68.2,22.4,24.74590875,43.99272667,19.24681792,-0.872871561,-0.872871561,2.11E-15,0
representative,51,42,13,0.61,0.39,80,1,0.65,0.35,30.69,52.35,21.66,14.14474814,37.68059846,23.53585031,-0.451050802,-0.628970902,-0.1779201,0
representative,52,17,40,0.34,0.66,83,1,0.63,0.37,32.18,52.66,20.48,10.89530174,39.58995327,28.69465153,-0.659425226,-0.538520464,0.120904762,0
representative,53,25,42,0.26,0.74,1,88,0.3,0.7,37.58,61.9,24.32,7.456782148,39.86840855,32.4116264,-1.094305806,-0.872871561,0.221434245,0
representative,54,32,20,0.62,0.38,89,1,0.61,0.39,27.44,54.68,27.24,5.824637328,42.92199436,37.09735703,-0.494451386,-0.451050802,0.043400584,0
representative,55,46,23,0.45,0.55,26,3,0.41,0.59,33.35,12.43,20.92,11.442,11.312,0.13,0.201,0.366,-0.165,1
representative,56,35,11,0.41,0.59,55,31,0.45,0.55,20.84,41.8,-20.96,11.804,11.94,-0.136,0.366,0.201,0.165,1
